variant_id,entity_id,variant_name,source
1,1,Remington Typewriter Company,patent_assignee
2,1,REMINGTON TYPEWRITER CO [US],patent_assignee
3,1,REMINGTON TYPEWRITER CO,patent_assignee
4,1,REMINGTON RAND INC,patent_assignee
5,1,FIRM REMINGTON RAND INC,patent_assignee
6,1,"REMINGTON TYPEWRITER COMPANY, THE",trademark_owner
7,1,REMINGTON RAND INC.,trademark_owner
8,1,"REMINGTON RAND BUSINESS SERVICE, INC.",trademark_owner
9,1,Remington Rand Corporation,trademark_owner
10,2,WILSON JONES CO,patent_assignee
11,2,WILSON JONES LOOSE LEAF CO,patent_assignee
12,2,WILSON JONES LOOSE LEAF CO [US],patent_assignee
13,2,WILSON JONES LOOSE LEAF COMPAN,patent_assignee
14,2,WILSON JONES LOOSE LEAF COMPANY [US],patent_assignee
15,2,WILSON JONES COMPANY,trademark_owner
16,3,YAWMAN & ERBE MFG CO,patent_assignee
17,3,YAWMAN & ERBE MFG CO [US],patent_assignee
18,3,YAWMAN AND ERBE MFG COMPANY [US],patent_assignee
19,3,YAWMAN AND ERBE MFG. CO.,trademark_owner
20,4,BOORUM & PEASE COMPANY,patent_assignee
21,4,BOORUM & PEASE LOOSE LEAF BOOK COMPANY [US],patent_assignee
22,4,BOORUM AND PEASE COMPANY,patent_assignee
23,4,BOORUM AND PEASE COMPANY [US],patent_assignee
24,4,BOORUM & PEASE CO.,trademark_owner
25,4,BOORUM & PEASE COMPANY,trademark_owner
26,1,"RAND KARDEX BUREAU, INC.",trademark_owner
27,1,"KARDEX SYSTEMS, INC.",trademark_owner
28,5,LIBRARY BUREAU [US],patent_assignee
29,5,LIBRARY BUREAU,patent_assignee
30,5,Library Bureau,trademark_owner
31,5,LIBRARY BUREAU,trademark_owner
32,5,"LIBRARY BUREAU, INC.",trademark_owner
33,6,"SMEAD MANUFACTURING COMPANY, THE",trademark_owner
34,6,"SMEAD MANUFACTURING COMPANY , THE",trademark_owner
35,7,"SCHOLFIELD SERVICE, INC.",trademark_owner
36,8,RCA CORP,patent_assignee
37,8,RCA CORP [US],patent_assignee
38,8,RCA CORPORATION,trademark_owner
39,8,RADIOLA,trademark_search
40,8,RADIOTRON,trademark_search
41,8,SUPERHETERODYNE,trademark_search
42,9,WESTINGHOUSE ELECTRIC & MFG CO,patent_assignee
43,9,WESTINGHOUSE ELECTRIC & MFG CO [US],patent_assignee
44,9,WESTINGHOUSE ELECTRIC CORPORATION,trademark_owner
45,9,RADIOPHONE,trademark_search
46,9,AERIOLA,trademark_search
47,10,ARTHUR ATWATER KENT,patent_assignee
48,10,ATWATER KENT MFG CO,patent_assignee
49,10,ATWATERKENT,trademark_search
50,10,ATWATER KENT,trademark_search
51,11,Zenith Radio Corporation,trademark_owner
52,11,ZENITH RADIO CORPORATION,trademark_owner
53,11,ZENITH,trademark_search
54,11,ZEPHYR,trademark_search
55,12,FOREST RADIO TELEPHONE & TELEG,patent_assignee
56,12,FOREST RADIO COMPANY DE,patent_assignee
57,12,FOREST RADIO TELEPHONE AND TEL,patent_assignee
58,12,DEFOREST RADIO COMPANY,patent_assignee
59,12,AUDION,trademark_search
60,12,OSCILLION,trademark_search
61,12,DE FOREST,trademark_search
62,13,"MACK TRUCKS, INC.",trademark_owner
63,13,INTERNATIONAL MOTOR COMPANY,trademark_owner
64,13,MACK MANUFACTURING CORPORATION,trademark_owner
65,14,"PRATT & WHITNEY AIRCRAFT COMPANY, THE",trademark_owner
66,14,PRATT & WHITNEY COMPANY,trademark_owner
67,15,"EAGLE ELECTRIC MANUFACTURING COMPANY, INC.",trademark_owner
68,15,EAGLE ELECTRIC MFG. CO.,trademark_owner
69,16,"PATHE CINEMA, ANCIENS ETABLISSEMENTS PATHE FRERES",trademark_owner
70,17,ALBERT SETZER,trademark_owner
71,18,SHELL OIL COMPANY,trademark_owner
72,18,"ASIATIC PETROLEUM COMPANY, LIMITED, THE",trademark_owner
73,19,DEERE & COMPANY,trademark_owner
74,20,ALFA ROMEO S.P.A.,trademark_owner
75,20,SOCIETA ANONIMA ITALIANA ING. NICOLA ROMEO & C.,trademark_owner
76,21,WORTHINGTON PUMP AND MACHINERY CORPORATION,trademark_owner
77,22,"RALEIGH CYCLE COMPANY LIMITED, THE",trademark_owner
78,22,RALEIGH CYCLE COMPANY LTD,trademark_owner
79,23,"GOODYEAR TIRE & RUBBER COMPANY, THE",trademark_owner
80,23,GOODYEAR TIRE & RUBBER,patent_assignee
81,24,Colt's Patent Fire Arms Manufacturing Company,trademark_owner
82,24,COLT S MFG CO,patent_assignee
83,25,J.I. CASE COMPANY,trademark_owner
84,26,GENERAL MOTORS CORPORATION,trademark_owner
85,27,JAMES WALKER & CO.,trademark_owner
86,28,Gillette Tire Company,trademark_owner
87,28,Gillette Rubber Company,trademark_owner
88,29,"AMERICAN BRASS COMPANY, THE",trademark_owner
89,30,"STANDARD-JOHNSON COMPANY, INC.",trademark_owner
90,14,PRATT & WHITNEY AIRCRAFT COMPA,patent_assignee
91,19,DEERE & CO,patent_assignee
92,19,DEERE & CO [US],patent_assignee
93,21,WORTHINGTON PUMP & MACH CORP,patent_assignee
94,26,GEN MOTORS CORP,patent_assignee
95,13,MACK JOHN M [US],patent_assignee
96,31,EASTMAN KODAK COMPANY,trademark_owner
97,31,"EASTMAN KODAK COMPANY, THE",trademark_owner
98,31,EASTMAN KODAK CO.,trademark_owner
99,31,EASTMAN KODAK CO,patent_assignee
100,31,EASTMAN KODAK CO [US],patent_assignee
101,32,ANSCO COMPANY,trademark_owner
102,32,AGFA ANSCO CORPORATION,trademark_owner
103,32,"ANSCO PHOTOPRODUCTS, INC.",trademark_owner
104,32,ANSCO COMPANY,patent_assignee
105,32,ANSCO COMPANY [US],patent_assignee
106,32,AGFA ANSCO CORP,patent_assignee
107,32,ANSCO PHOTOPRODUCTS INC,patent_assignee
108,33,FOLMER GRAFLEX CORPORATION,trademark_owner
109,33,FOLMER GRAFLEX CORP,patent_assignee
110,35,"L.S. STARRETT COMPANY, THE",trademark_owner
111,35,"L. S. STARRETT CO., THE",trademark_owner
112,35,"L. S. STARRETT COMPANY, THE",trademark_owner
113,35,STARRETT L S CO,patent_assignee
114,35,STARRETT MFG COMPANY,patent_assignee
115,36,BROWN & SHARPE MFG,patent_assignee
116,36,BROWN & SHARPE MFG [US],patent_assignee
117,37,SNAP-ON INCORPORATED,trademark_owner
118,38,ILLINOIS TOOL WORKS INC.,trademark_owner
119,38,ILLINOIS TOOL WORKS,trademark_owner
120,38,Illinois Tool Works Inc.,trademark_owner
121,38,"Illinois Tool Works, Inc.",trademark_owner
122,38,ILLINOIS TOOL WORKS,patent_assignee
123,38,ILLINOIS TOOL WORKS [US],patent_assignee
129,9002,STANLEY GENERAL INCANDESCENT ELECTRIC MFG COMPANY [US],patent_assignee
130,9002,GEN ELECTRIC,patent_assignee
131,9002,WESTERN ELECTRIC CO,patent_assignee
132,9002,TRUMBULL ELECTRIC MFG CO,patent_assignee
133,9002,BRYANT ELECTRIC CO,patent_assignee
134,9002,AUTOMATIC ELECTRIC INC,patent_assignee
135,9002,FED ELECTRIC CO,patent_assignee
136,9002,GEN ELECTRIC CO LTD,patent_assignee
137,9002,JEFFERSON ELECTRIC CO,patent_assignee
138,9002,WAPPLER ELECTRIC COMPANY INC,patent_assignee
139,9002,GENERAL ELECTRIC COMPANY,trademark_owner
140,9002,General Electric Company,trademark_owner
141,9002,"GENERAL ELECTRIC LIMITED, THE",trademark_owner
142,9002,"GENERAL ELECTRIC COMPANY, LIMITED, THE",trademark_owner
143,9002,GENERAL ELECTRIC X-RAY CORPORATION,trademark_owner
144,9002,GENERAL & ELECTRIC COMPANY,trademark_owner
145,9002,"GENERAL ELECTRIC FINANCIAL SERVICES, INC.",trademark_owner
146,9002,GENERAL MOTORS CORPORATION,trademark_owner
147,9002,"GENERAL MILLS, INC.",trademark_owner
148,9002,GENERAL FOODS CORPORATION,trademark_owner
151,9,WESTINGHOUSE ELECTRIC & MFG CORP [DE],patent_assignee
152,9,WESTINGHOUSE ELECTRIC & AND MF,patent_assignee
153,9,PALMER ELECTRIC & MFG CO,patent_assignee
154,9,ELECTRIC CONTROLLER & MFG CO,patent_assignee
155,9,EUCLID ELECTRIC & MFG COMPANY,patent_assignee
156,9,KELMAN ELECTRIC & MFG COMPANY,patent_assignee
157,9,EVERHOT ELECTRIC & MFG CO,patent_assignee
158,9,WESTINGHOUSE ELECTRIE & MFG CO,patent_assignee
159,9,WESTINGHOUSE ELECTRIC & MANUFACTURING COMPANY,trademark_owner
160,9,Westinghouse Electric & Manufacturing Company,trademark_owner
161,9,"WESTINGHOUSE ELECTRIC & MANUFACTURING COMPANY, THE",trademark_owner
162,9,WESTINGHOUSE ELECTRIC & MANUFACTURING CO.,trademark_owner
163,9,WESTINGHOUSE ELECTRIC & MANUFACTURINGCO.,trademark_owner
164,9,WESTINGHOUSE ELECTRIC & MANUFACTURING COMPNY,trademark_owner
165,9,WESTINGHOUSE ELECTRIC & MANUFACTURINGCO,trademark_owner
167,9,Westinghouse Electric Corporation,trademark_owner
168,9,THE ELECTRIC CONTROLLER & MFG. CO.,trademark_owner
169,9004,WESTINGHOUSE ELECTRIC CORPORATION,trademark_owner
170,9004,Westinghouse Electric Corporation,trademark_owner
